AccX_var,AccY_var,AccZ_var,GyrX_var,GyrY_var,GyrZ_var,AccX_ave,AccY_ave,AccZ_ave,GyrX_ave,GyrY_ave,GyrZ_ave,AccX_max,AccY_max,AccZ_max,GyrX_max,GyrY_max,GyrZ_max,AccX_cov,AccY_cov,AccZ_cov,GyrX_cov,GyrY_cov,GyrZ_cov,AccX_min,AccY_min,AccZ_min,GyrX_min,GyrY_min,GyrZ_min,Teknik
32.72057153691086,6.4958037082461555,44.27908660698061,2.6487708451211134,3.0131843926884803,2.1818277852968744,5.7240839124651455,3.5238521175294504,-0.37167803688516254,0.20810534862186567,-0.04651092528997465,0.2791562109080548,13.10772542891253,7.303683804748628,10.591744876491457,3.3011227350783336,3.00978101830683,4.417010223977839,5.7317216985134785,1.8572925773294153,-116.98913327585699,12.16514260541561,-60.049629142727646,8.365891653365752,-0.008297435849929428,0.9735102824238804,-7.046517124196706,-1.4003449029059898,-1.791387037224963,-1.2037539210987533,Benar
29.72518426146189,7.3117379422381505,37.29288151242254,1.5081860773033862,1.814086484876419,1.440823715274943,5.972488771986321,3.8739491066430687,-0.14683791568241153,0.07625960261686826,-0.12312596323927417,0.16799131123883035,15.398300198843655,8.494088080180115,6.72312742897504,2.5956825866397386,3.4203116828689666,2.89754252889085,4.95619577680831,1.8984211088804925,-238.0499896953952,16.959465114409642,-17.285985683646384,10.055900293484154,0.5524293783584909,1.1684164017128496,-6.246892702016359,-1.1564794612778129,-1.4477834876413411,-1.0439128379805545,Benar
14.074238493352581,9.897178936291375,37.839477883099605,2.1311810503310946,1.9655566365638637,1.5967520647647382,7.030799019989293,3.564852458443115,1.8147939810108178,0.10850750973725469,-0.0011609287918398301,0.1143339455525569,13.69771786241212,9.101979008255794,8.803555691508727,3.509382061099852,3.403631212665952,4.40570266877588,1.9983937370121054,2.7490792331450487,20.807594552626774,18.98455648000267,-587.0784532736883,14.443733968570028,3.2980050849773015,0.43313834562315245,-4.334319467461703,-1.3540758820776753,-1.4064693500383305,-1.139773987712637,Benar
34.460531706040115,12.436251370273817,37.85978142310251,1.731220757482749,2.324053546805227,1.665364761495024,5.981385282564972,3.9202018988621874,-1.183501229556081,0.13745074821644326,-0.13606954094484536,0.1484189800621564,12.896653527508022,9.795770219450276,6.9082584100607525,2.6152012812909087,4.402796927407609,3.395378862454281,5.749877036304308,3.1611531338122187,-32.24040868711753,12.831311023301103,-17.609858112964375,11.411156026818666,0.12200976837810892,0.4050193766590521,-7.323879122620176,-1.18395420682531,-1.650172715711911,-1.1459367573923143,Benar
14.073215183772913,9.905907389286373,37.833357510029515,2.1585878781870473,1.9712177392002623,1.5761273905392963,7.036878586517127,3.5962631314700335,1.810215777672805,0.11004011454781853,-0.0011871487831071107,0.10805230930919725,13.690429370154662,9.095982811181358,8.80063496019602,3.485220729906728,3.3904552494910543,4.396712150022094,2.010721530505779,2.761890267956727,20.794844959958173,18.98735045065371,-587.068462540998,14.483996161043066,3.2756224983744064,0.446734141855654,-4.333750197879366,-1.3697779747843681,-1.415209612132806,-1.1545277448341138,Benar
32.671499335076426,6.235056628460767,50.063524677566384,3.1384887605049006,3.501757635404488,1.9264299891901395,5.975345949158057,3.660011103116666,0.9241911046353278,0.33379232979196255,0.00791619487266144,0.2500077034300307,13.898154731725532,10.190368900527817,12.798692204994255,3.8915658360582923,4.385865443794228,4.397328658392674,5.451471829525649,1.6870159811203653,55.16076828806565,9.5736274137815,4.032750760834201e+16,7.530113456837919,0.26926951925521153,1.1941615547334254,-6.166974760684954,-1.4486602892323894,-1.8475585809443393,-1.1305574504123395,Benar
34.43500166068776,25.727798429395897,45.986701535068704,3.2656188370079904,2.1496835199756053,1.257007418811866,4.514049298566645,4.440967899980094,0.4467757718577809,0.26416190303534276,0.2667442039669449,-0.11197328843691726,19.595288680195715,10.789130615481254,11.085747054606095,3.204940159708094,4.384116677712629,2.2137797601292486,7.622160405192745,5.798374890675985,104.34597396505559,12.377053510056399,8.747008917027498,-10.289480330003748,-1.3385811422700256,-0.6314787432977983,-6.3315956825454425,-1.5522261997496998,-1.216653627869006,-1.2461009762082442,Benar
34.87535294119386,24.303373330286654,52.145037170424196,2.760038285632985,3.6428970783735664,1.5896762492717946,5.942136577418344,3.158593527101647,-0.130049287107227,0.2255233055689776,-0.10568021877292058,0.1390075739570591,13.398228673831277,9.709783715080203,9.385756857398594,3.30089051462175,4.402606003295675,4.401522908911923,5.836725562086795,7.689857048353557,-387.413872679381,12.140814079823986,-39.439408143087675,10.80380632585632,0.05198453162557375,-1.7778073727167938,-7.3575281126867536,-1.4178360532115752,-2.0062410757322287,-1.1196659216115739,Benar
32.73897219103287,6.488318681081478,44.28482321829731,2.6306840350105696,3.013269355314291,2.1810897167027723,5.718466083871107,3.5160589502185218,-0.39065686190311716,0.21993562744704334,-0.046023539753753485,0.2624797154157759,13.104565934201938,7.302447695985925,10.600506031836554,3.295391859508092,2.995583739687044,4.399516074827825,5.712246419797569,1.8548955331732917,-116.97888626340173,12.133860497770213,-60.039099428651085,8.342536256607557,-0.01514689757346166,0.9564295113677096,-7.025420785261733,-1.4182426923171958,-1.8015589915703045,-1.2123078405365908,Benar
42.8782712687728,10.181843135367783,37.80832438302048,3.9678015528259034,2.7848703812255855,2.9216227111980033,5.808314482306244,3.0213625373714996,-0.6420431034872365,0.16486774570047372,0.006762013185732205,0.1528559478339948,13.994320866115945,9.704373075587347,6.589534267313916,4.194333939021534,4.0936871415840255,4.399932624167742,7.383788646224816,3.390347079218815,-59.07948254724898,24.7123566503298,347.47814903133605,18.30613975839291,-0.7565289802076173,-0.18055568100449274,-6.7953941105714035,-1.8352866440149602,-1.6636825976805751,-1.563861106559566,Benar
21.529918205611477,5.816896507611613,44.120033587464114,3.266373631794467,0.7770675039400665,1.660967671023435,3.7709682127926727,6.523064007860614,-1.8831576598996485,0.10364914619154557,-0.2629875146739091,-0.1426764489806704,12.90477038741917,9.390968559445408,10.410443206502087,2.7869546425351275,1.7996036371616633,3.494444576953148,5.688017871299681,0.8809458558937703,-23.3245834284875,32.6632628153679,-3.2786799510432925,-12.309564278514507,-0.8595776031788086,4.1133512684332905,-8.532582127351152,-1.7053177336843972,-1.1084766551728307,-1.4224774578718942,Benar
32.74231381623558,6.486526728095923,44.29581538907757,2.6392021370641525,3.0142003767935,2.1768920116624453,5.713990887259286,3.512948079865762,-0.37309840561481794,0.2262476826811749,-0.04653297835454099,0.2539268081464042,13.10617008399479,7.302132915466533,10.604562362497063,3.2913856487746425,2.988964779865292,4.40194627681505,5.753925208612455,1.8440194164992119,-117.00836152675201,12.144907746205842,-60.060452363946844,8.365421932382091,-0.036614006833748096,0.9644877494258023,-7.0337992520549255,-1.4102494615509604,-1.7820539136031353,-1.207258025971289,Benar
25.81102260532496,7.048664737249393,36.86542403785592,2.2299088576383026,0.5418197256947307,1.6935120608067287,4.7941115499486004,5.539103561594966,-0.8280980991429623,0.13887053802018412,0.09257906043678703,-0.06928111619066489,15.526626879458192,9.595911373022421,7.014321576915944,2.5966557992179204,1.6907546061070144,3.5114041998717727,5.37089340466227,1.2534871326409025,-43.85344878865194,15.430244820512547,5.569826206724766,-19.243661573645575,-0.29300497775034473,2.878315458859404,-6.934471714574009,-1.3441582912187133,-0.6548688705885358,-1.392835741591884,Benar
61.19173253602731,22.055354947673006,57.77305118614603,2.82904129072633,3.5204711581482075,2.321019195225553,5.2300075387510025,2.9951210505843386,-1.2321503153384088,0.24594918688014425,-0.1301330163591589,0.20674791974111784,18.80826870050678,9.306407507451599,10.296619186374508,3.094424417467536,3.2068794697112946,4.096377079041184,11.676075794515054,7.367328860102645,-47.122903155847354,11.926348679148,-28.87032679230724,11.177345359898533,-2.565146865990026,-1.7342846429958239,-8.82938612733987,-1.4489235560962235,-2.0023060319167505,-1.3152822645451663,Benar
43.25693360835121,7.899518841202857,42.375365042528045,2.193616901249034,2.250239861208932,1.8605178594661762,3.1160992848727753,5.487124317135504,-1.3831181743006031,0.16756863926825433,-0.1555077369394282,-0.03246994684204714,12.200349129486892,10.601263461115566,8.280825943939337,2.8039352392795296,3.701720230873193,3.689696852445303,13.858015816742881,1.4279147831508625,-30.6382674981545,13.169586551014515,-13.42980274650006,-148.52335401450432,-3.452585500630452,2.6928667669355533,-7.892361741970239,-1.302897122663218,-1.6380207578296533,-1.3720477555795194,Benar
24.143135253351826,7.108388740383005,41.11859724392519,2.4117756849386107,1.0866952687596811,1.3728314156979526,3.7107715919577613,5.920592374388229,-1.0501949781514637,0.035490913834697164,-0.09541425927399448,-0.12926733913638108,11.207310131117998,9.403925908019012,10.907985063471257,2.810340564289912,2.5934169604543555,2.9270757479146283,6.514625609825533,1.19405931492354,-39.42240692963906,48.197558921323534,-11.80922187847946,-10.06089267849707,-1.2132359117705203,3.2054789106044934,-7.455626875149899,-1.490668498211346,-1.1538423956678396,-1.3200061977864441,Benar
32.09723043483052,9.844636491020694,41.96001168657212,1.9009969813547696,2.1976150268014254,1.8287899015075428,5.706376337168081,4.05226099855099,0.21928539274828598,0.28501164445612853,0.13104387324088151,0.06618830885504018,13.003575714322576,13.411226092367627,7.010484158823255,3.598293376330481,3.694900596033721,4.381279789314116,5.640384922989757,2.4325439440964076,193.06404486561198,6.669720304343039,15.195558222237562,29.316499601154202,0.030537091023012445,0.9112098417992882,-6.263277940648202,-1.1081281443641644,-1.3662009919390334,-1.2922177165647082,Benar
42.77447382272709,7.727055578778263,45.95111347566348,0.009841050051972798,-0.0007137726179860631,-0.0003682941807276691,5.412147744272016,3.6033382435179764,-0.2198325589039405,0.0012168107949517245,0.0067260522175940675,-0.007411866142864957,15.102099015152199,8.596315753404774,7.600775697804832,3.9039717104675633,3.004202350437866,4.200981545577542,7.911203694839133,2.1687159402846783,-208.224855234398,,,,-1.1433241854868301,0.7852275404759271,-6.990876889090484,0.008554286233426724,0.002398813652919427,0.0007039830214057947,Benar
40.66897633199825,28.47827996277683,67.67774393665827,3.529358503013018,3.652957178398944,2.6570941668755803,1.8672975575028128,3.199860437380912,-1.807281924880543,0.5889570557036752,-0.25895162930529253,-0.2494998809169112,14.008368635231816,10.394827738786582,8.805026362529658,3.2955465001379234,4.395366354657338,4.3971777317296565,21.80741974739391,8.904917485189449,-37.586195409541624,6.113844575154672,-14.485831040142989,-11.065039743520185,-4.507936393645549,-2.141695105593369,-10.012079754968944,-1.3151136214051977,-2.1799083155600463,-1.8813372016977081,Benar
40.68151137113835,28.468252678178928,67.67356489408006,3.5293163627112123,3.660611135436723,2.670128390188036,1.873236667188587,3.1920693119385075,-1.8050881437211406,0.5817059191682722,-0.2586631521346705,-0.24591619117711191,13.99901529798494,10.39619741103328,8.795727243765596,3.3072014248570563,4.400668667092006,4.41618731476532,21.808698603951125,8.901861076225938,-37.593312435220746,6.11721207437874,-14.493789968712758,-11.056747197152598,-4.507606440424224,-2.1385003674982523,-10.033702489528507,-1.315696211639221,-2.1748216579534216,-1.8781493363256645,Benar
37.155787861628724,4.044081001789079,52.407406876069146,2.8766000021032925,2.848046781152065,-0.003705799443295828,5.185528814241208,3.4468078750436972,0.012352878832114153,0.2113318695635096,0.0032273761118212715,0.0012315177696424085,15.396018870267849,9.712414935266873,11.224915953130362,3.6022512252293075,3.5980538439713783,0.0053700312540486085,7.186942537240896,1.1752533330494803,7601.204765653271,15.48998695407322,118.47977763222859,,-0.9314579456287219,1.450828378190103,-7.227875124355207,-1.5191053013729203,-1.6705477189318625,0.016828230371703733,Benar
54.58847714072332,9.72548934347125,60.07900169829976,3.3815173563272727,3.9178321620264045,2.220347505516025,5.053351855858799,4.043637315072758,-1.0698622347374398,0.11007509891546365,-0.06545526271082305,0.2522885410651085,17.497797004600343,9.98909364530525,10.188177032501438,3.6110984810592948,3.10260139061261,4.198343696350479,10.773287022471806,2.393732945822622,-56.64218447638924,30.15399592461187,-57.82471932837926,8.997643062483572,-2.3239138776162376,0.9221593775142083,-8.820015852163198,-1.740860331802032,-2.055415714567601,-1.231557038434201,Benar
32.66439925104564,6.231409551155431,50.079332492519384,3.1419726477296632,3.487083159632519,1.918705581910551,5.967247565895188,3.680298019390386,0.8903137776004484,0.32830142638206494,0.018014539738007075,0.24392502434351246,13.907522851595125,10.216366269759922,12.80338699613026,3.91123075649435,4.3996464492719936,4.396008689794951,5.450799789485333,1.6951234995848237,55.16391416427071,9.572538282345233,4.032750760834201e+16,7.539345611260713,0.2738296280346242,1.1910803056418156,-6.182345419006683,-1.4431155592444571,-1.8593455848211993,-1.119824872689927,Benar
54.59825970386435,9.730863982635485,60.044676601949725,3.3797451854636478,3.9316125752719024,2.2290325554805164,5.057190460254898,4.041263298505167,-1.0677931235008455,0.11638733054626506,-0.07298270609948034,0.24343509686422996,17.50546963198802,9.991537671596102,10.20185534332286,3.584199086054761,3.1047517396002866,4.202998831514039,10.755585459340873,2.405609432075308,-56.65822457169731,30.15652478058402,-57.83564912643175,9.018877774945027,-2.3243625974818363,0.9362658246805612,-8.830103510077732,-1.7344044381343287,-2.064928169072522,-1.251923231823521,Benar
32.11156923794932,9.853093303545567,41.94705134660766,1.8910826006896833,2.214969266004318,1.8257218348240503,5.715019510490867,4.052535308320472,0.20982380693114472,0.28684932058577733,0.16729487719111832,0.061545383888252085,13.001764641261033,13.397842520516848,7.005832951480119,3.6124295801174013,3.7120492014025306,4.412015675000272,5.631893789552039,2.4524582764947587,193.06588718970607,6.682529049524023,15.20391782373571,29.322921036557766,0.02461148767720171,0.9155756092413543,-6.265693941479386,-1.099632375395943,-1.3558963730932034,-1.2905104210484346,Benar
35.2934444673105,16.34200571781929,36.02105153193466,2.278489970879438,2.8031206258951777,1.3084520548127878,6.460663908817355,2.645716594897631,0.3368019106009935,0.14913178897965015,-0.07610011411172231,0.18290800523110293,15.596236866113165,8.60505973295611,8.909698101284343,3.903328843547682,4.069754038267152,4.400386907998997,5.467560317938041,6.221548719005709,104.45698514246594,14.3585387575078,-48.39856716022063,7.057309370835578,0.5115423305969794,-1.4109113263058608,-5.670908546874343,-1.3286500654468225,-1.736951636512481,-0.9744994424892683,Benar
42.90614133897686,10.201036750726601,37.817580259584695,3.962407354330709,2.7639066398731704,2.9264008969428565,5.789789677072736,3.0361565062983566,-0.6540979024446678,0.16200863311962355,0.002623658301433209,0.15484461239457203,13.996539840772675,9.70583742164634,6.6014421113790585,4.199057440644869,4.097248638624344,4.416775843261538,7.380439798489238,3.3778115407078158,-59.06266854063072,24.71139216195339,347.5060705402923,18.294177901599543,-0.7326632854080002,-0.17067851811558324,-6.768264117266384,-1.8168242932089897,-1.6576839942265658,-1.5538513369635687,Benar
67.83760821019396,14.415485645605258,47.670671258588605,2.9697445413464885,3.296457403629067,2.9587923984947793,5.609712922721131,2.8134954975531,-0.616699822957754,0.08201319853573244,-0.2161628392720339,0.16481429149012722,16.008096906425724,6.804965135529081,8.60127414800516,3.2031618327739064,3.103160351870439,4.406708652593383,12.015603192356968,5.1468189131472695,-78.43525770420099,38.372203448050264,-14.54820762324739,16.708378311974748,-2.6040494628553064,-0.9814291113192432,-7.503018263043583,-1.645575045029733,-2.0489748518818476,-1.5522982450029235,Benar
47.34165987793452,15.17319709359444,48.00026131694412,1.8147769476114846,3.79335365406237,1.4855907151570122,4.911538471308272,4.082680210261014,0.08682533247423271,0.19165348659417145,-0.05941558781640468,0.0637795323352418,14.804932905275997,14.385685361134497,8.399389971081447,2.103513153548059,4.410463645157056,4.384785815358442,9.650357180220407,3.7116957857172435,662.8589156923604,9.419147494607921,-73.33174686365788,35.852818606132715,-1.9821013381322488,0.2038309748195376,-6.845581809819522,-1.1371422563289102,-2.006130842662904,-1.170941354159386,Benar
35.294898853597466,16.34452632575342,36.015738282681326,2.2652213519142252,2.805753362626507,1.2896153013413563,6.463472052788633,2.6456192827393483,0.3476403866942867,0.15340205238168397,-0.056171258769628425,0.17945242568242864,15.59569783234143,8.59073072231099,8.910036122105272,3.9020388721683257,4.09032638037601,4.400658326515503,5.472678921053438,6.2102486370402366,104.48812426647095,14.3433513810082,-48.42196824032606,7.0420085568499635,0.5107652240594535,-1.3921703404269288,-5.653678571065281,-1.3539811072953203,-1.7314881223813192,-0.9491009135015257,Benar
54.579479496804886,9.718262195035111,60.06672551592016,3.3781702360359596,3.940446532988274,2.2444620974220784,5.0705577212821,4.034224766022911,-1.0486158502369969,0.10274597340855027,-0.05943931513596917,0.23411020820747147,17.501573187718098,9.99422997096868,10.190370703663001,3.630083151375432,3.116060163634512,4.203493011983228,10.778812893827503,2.4213507435903328,-56.6502419027624,30.153379604680254,-57.82623672043654,9.00849383387027,-2.315133151986755,0.9246864256707387,-8.801053199181414,-1.7315788154443397,-2.0501733426599267,-1.2500434562302412,Benar
17.591103582609808,27.51993419807785,25.50456623726943,2.683177842739444,0.5999919273771936,1.6714228290815434,4.16796452892852,6.06807971056889,-0.7451286674268124,0.25896553697344504,-0.20065532644102888,-0.14011254656506275,10.590694910626645,10.579232633391305,10.303547142188641,2.997791426971993,1.1925711969031003,4.3994558775486325,4.231869012721499,4.528280756331722,-34.161582672474324,10.979215659408263,-2.978939734055815,-11.801921059625055,-0.032486033378032825,0.8405665423816505,-5.804927586910257,-1.3730910673817993,-0.9807289439210501,-1.4346579802189239,Benar
34.84947412266818,24.29039313898098,52.16006001285466,2.7583230749591148,3.6302953115803955,1.5803151953758414,5.972379616508979,3.151110696455552,-0.13507184527228155,0.2156598821815085,-0.08448920852300623,0.14548803447740005,13.405391195470942,9.694500298933987,9.399594149360777,3.3111844571973896,4.4053025285896625,4.420970120297625,5.860521220157307,7.672010410648906,-387.4154029497084,12.138233375300487,-39.435982392692274,10.790165256732068,0.035229748151439366,-1.7602511362329525,-7.366201161060811,-1.427428161553838,-1.998751861770087,-1.1128910316476297,Benar
21.545754006985646,5.793817638716897,44.108293033458125,3.2675342886462495,0.7902028777597849,1.6580997458023015,3.7854181613042255,6.512098433295475,-1.8754301203871193,0.09676837659930801,-0.23045888233203596,-0.12543352217251202,12.89656543162869,9.39728782501761,10.410065065362987,2.8117038450923286,1.7853150958348052,3.50764760373876,5.673330650518735,0.9050163880807155,-23.326551132327534,32.68411911349137,-3.287195699175767,-12.313464005420618,-0.8515943004456532,4.097096165456593,-8.537401180484853,-1.7200599577354085,-1.1191423765927535,-1.4278109614486927,Benar
42.74731652321687,7.702478938475142,45.94233257453095,0.0098682452443352,-0.007738420392534234,-0.004507780817646769,5.403664933608564,3.587588460619049,-0.20793057404610465,0.007715952214276364,-0.011172867331510627,-0.023377973881818972,15.118888449998584,8.604947518711056,7.608077806659429,3.8957120578473745,3.002474681920138,4.176901325875908,7.908209888827181,2.1670049341429714,-208.2356346848424,,,,-1.1399500465841617,0.7771904364767787,-6.988762478597828,-0.006810455614050433,-0.002297578475248763,0.0025223172566410687,Benar
34.466262073751956,12.402506176662605,37.82977048224297,1.7381945626543798,2.315652851813334,1.6598639327032902,5.960066494947907,3.923502157485621,-1.1682152043908167,0.14514644412382574,-0.14605054689566005,0.16240794313232879,12.889006409042423,9.79300423522756,6.89655690854852,2.596233997605806,4.3814566438471765,3.397485076241357,5.739454649532049,3.162492093130348,-32.22573075236681,12.815772581226438,-17.61465289601524,11.415965957997605,0.10240457689553492,0.39048118935640824,-7.330188899084317,-1.1857692134282904,-1.6543090497892474,-1.157923060006851,Benar
32.759569196729025,6.495830345734908,44.30047751869314,2.6501283317114788,3.0115918554980414,2.1907566880097575,5.7179865094123254,3.511285619697304,-0.3834644815013611,0.21288255911199325,-0.05165227112397125,0.2717797164753748,13.097287702469995,7.303303211241408,10.601275767540447,3.2955474655610635,2.992183816449555,4.394010801028321,5.72690742583497,1.864413796340373,-116.9787194491596,12.122609894275602,-60.05854227129113,8.356773288135697,-0.00015752208219821026,0.922850661674707,-7.015930290405183,-1.3979873364104722,-1.7947068046913086,-1.2124165872030632,Benar
10.921811061925208,4.924879602673713,30.311243224103833,1.4179625700359106,0.35750645498379474,0.8392413033737508,4.584752472202744,5.949630802572833,1.9601710892547763,0.02245969008557885,-0.04933625443502882,-0.06072169424893521,10.19739724235155,9.907255374219176,8.122876266464985,2.292732131895195,1.5045398664290022,3.590971422894235,2.381517182685092,0.8381102560913325,15.476809886738573,58.26210423865343,-5.619384867402454,-15.76820918030674,1.277826538900105,3.7448944375321087,-3.560741299755065,-1.1583272516426422,-0.6623897748845352,-0.9889865641423659,Benar
34.44640497561858,25.717003477446543,45.99312214520046,3.246333569788237,2.155536067031141,1.2470346372070102,4.524017601622625,4.470134936204315,0.42602549225790837,0.25098095186439556,0.23923024397410306,-0.1355361995634428,19.606442414079208,10.796465871624902,11.09721399865911,3.1909897977931023,4.393136405552943,2.2021052449887586,7.632450761796001,5.788445575206894,104.36464101433323,12.373723778560667,8.74758301723441,-10.284759452912324,-1.3304114456834506,-0.6189213091148423,-6.347268370244089,-1.5349468619898383,-1.2021016501531774,-1.236401925123524,Benar
32.666564497452896,6.229531829793985,50.04853082106264,3.1611678589281764,3.48862175635161,1.9336388753634208,5.979202731673435,3.671274384461136,0.9179079409801965,0.3332774338461018,0.006650267879524917,0.273085537148437,13.906294632558051,10.204506415794418,12.787619984303577,3.9064915460351974,4.398409202533253,4.393573853592847,5.4600540179032775,1.680238537363913,55.15952661345656,9.565113415845712,4.032750760834201e+16,7.520204186820445,0.26227410899451326,1.1857382436533312,-6.178672126560166,-1.4469754605125624,-1.8756215544905408,-1.1300872805889959,Benar
37.152881790376306,4.06045258026967,52.427804557904814,2.897029511776802,2.869885617244664,0.006697461802501334,5.168273357742948,3.450331706653185,0.01276479067034152,0.1958589749073743,0.019804883115314822,0.00130993907646208,15.394919366747729,9.699366950342574,11.188466237926324,3.5891868790343415,3.5995459996433423,0.006299380755334635,7.18520252359858,1.147953289620736,7601.194784897021,15.490206638590708,118.48252943552487,,-0.9229821576446484,1.4406465117456195,-7.235875647664554,-1.5272456524330107,-1.6761820705973265,-0.002087067583743638,Benar
24.138848396611845,7.126534902916256,41.14597640948837,2.403482854306879,1.1051881789387443,1.3779861057603864,3.6962191727155895,5.910448171505154,-1.0275622728466167,0.0628441468433133,-0.09091830188619213,-0.11975184034959235,11.203890104101005,9.412568526748487,10.908029230952165,2.8116722683338327,2.5947211995317736,2.9042116696376707,6.542803301082367,1.2041330116663578,-39.43996493737788,48.205956236902516,-11.82471341014281,-10.059986491477284,-1.2101638513570163,3.222515097350247,-7.467772668304992,-1.489026890982717,-1.1512952499104232,-1.2913610558219633,Benar
21.508114561981575,5.804487664515538,44.09893098107983,3.2638113273485243,0.7840288297716301,1.6780419304717047,3.79698455984257,6.538171360613985,-1.8941680094017919,0.09919014602200658,-0.22898846094932324,-0.13058410562289505,12.89853173615044,9.407826609418317,10.40495251732309,2.7986047179100053,1.7978464347756828,3.4987598167188327,5.692856305517642,0.8716856320449208,-23.334195838234898,32.6819178603343,-3.269898658241531,-12.314576086633817,-0.8556436389051769,4.0954878370959,-8.528180282901094,-1.7083832467093396,-1.1323460953013285,-1.4253508499957988,Benar
34.85189066147808,24.281463785835854,52.1562869251852,2.748344215845252,3.636418118431088,1.5846409667077832,5.955553449074036,3.1637363936295015,-0.14565507731769828,0.24184691860513588,-0.09314140477300384,0.15157481704378414,13.41366734769821,9.702293524765691,9.412453608591079,3.3091352606914413,4.3832255412714405,4.420313091377024,5.844794790818198,7.69227110552842,-387.42663274440514,12.12063049907151,-39.43523507674872,10.8135662795144,0.035610234553699195,-1.7732385412656735,-7.366088176144416,-1.43975266495801,-2.0031038386220965,-1.096321847094079,Benar
40.67639250775756,28.463019388331965,67.67958458162788,3.525096738636122,3.6649310730836238,2.6609688881813556,1.8702556866447309,3.2131801991437863,-1.8144036414550857,0.5824877282824994,-0.25374157422909815,-0.25753421638848434,14.001686198177344,10.398204421918892,8.79263749216583,3.290458752158291,4.397079988877515,4.407954223677324,21.832720664129873,8.88868156133504,-37.597236296578146,6.104570421694125,-14.471373161450847,-11.05856700261606,-4.510133069711539,-2.1492578643340208,-10.02900867942982,-1.2943606329957762,-2.166285647644779,-1.867427131232077,Benar
38.418306027010566,17.72305818377483,42.90204666454975,2.5104339968309395,3.09966214815372,2.0140769484051497,6.584938949971222,2.5305688871570826,0.20855219695033486,0.11378141651327209,-0.32326280515314815,0.23804437861031544,19.30987585231601,8.691384070600943,9.109742835636808,3.6285236396647154,3.8110435574556547,4.382794518036359,5.847034949474001,7.053578984648478,188.51072876410842,22.63964046888677,-9.432429271403358,9.691905503110208,0.35459666477724633,-1.7002805700554453,-6.322865690963973,-1.4772358002946178,-2.0750973474015595,-1.216065745621836,Benar
42.8782720756982,10.198082426804888,37.78286807099265,3.95922124375359,2.790663391564733,2.9270315213128195,5.815159256115677,3.02148272445619,-0.6332721382241732,0.15882637476422637,0.007352533001177865,0.14094874384761644,13.99746630571224,9.691990636953092,6.617124893512508,4.203432834930685,4.1067966138358365,4.39168885581063,7.376898345017352,3.3655102065007507,-59.07486409665029,24.70118764093318,347.48034804313784,18.314313524641385,-0.7324331719246153,-0.1696762773824935,-6.797489612653573,-1.8267020668311336,-1.6614817777371569,-1.5480289723532703,Benar
29.711051535989245,7.303632118289652,37.30743487152748,1.5199093576119427,1.7861884620581565,1.4415897283540522,5.9919757482968015,3.8587167878107205,-0.14236483659656668,0.07344760203467424,-0.09759159640718491,0.13863826062198228,15.402499344422296,8.514200359190175,6.717886711378987,2.5985765028485353,3.3996346516459726,2.8920713189513703,4.946033716503151,1.8932450002333718,-238.05086099590378,16.98824169369496,-17.2943895747842,10.035906712865339,0.561423914329734,1.1757250484529143,-6.249528732408947,-1.1340400570345746,-1.4508193439321806,-1.0727299445754366,Benar
34.62588715232135,7.9606757891153865,48.82301845208027,1.732013240189271,2.646411147046348,1.2354235612540077,5.621014284511336,4.564840351422929,-0.43930943307247,0.09948664765518661,-0.11209845350004535,0.17446117725161095,17.39795550449228,12.58935325494479,10.495961670859021,2.59287478613958,4.201995150497578,2.8911430273015815,6.142417736834826,1.7546247055564046,-109.75386847453217,18.607384458464725,-27.513756955446812,7.346288858062157,-0.23587941274217053,1.7178604142454341,-7.436477099542964,-1.2308008610448864,-1.721446196823256,-0.935782187311308,Benar
47.36117497580848,15.164951032952095,47.98618461077081,1.8074197202914162,3.7753138382393576,1.4901289947698477,4.918553309588099,4.094788946448408,0.08049150417771321,0.19375376853582607,-0.04432333710783277,0.04751357841657491,14.78276633469122,14.411107084597285,8.38358907032281,2.099581491165743,4.403943755199025,4.376336945085527,9.665003314218083,3.7015203147785263,662.8558726573691,9.431925588400848,-73.33138581683538,35.85625904628622,-1.9567572707159764,0.19547110018285754,-6.875047689380028,-1.1655567641843547,-2.005989168173358,-1.174929858213249,Benar
14.092263712374066,9.924471613139156,37.82842781896658,2.1386680190586613,1.9459886054107618,1.604682045727784,7.045429882958456,3.6103641641330495,1.8182146474981566,0.10113413048457401,0.011171908026783191,0.10234415879208435,13.708757162492946,9.093231244243652,8.798291160852065,3.5183893422339816,3.383462314703425,4.397683718055807,2.0083477239239738,2.7618667608670355,20.77511378353202,18.999038679729967,-587.0467857539159,14.471837400369544,3.298050068177501,0.44904159634016805,-4.325970658561384,-1.3477334298323023,-1.4032552273613763,-1.1699431273865337,Benar
42.88940990686907,10.179438664501614,37.81640432260217,3.9553658436805126,2.793809149730701,2.9299477126877105,5.804957871855741,3.0158343479624343,-0.6247500945335895,0.15167683942292273,0.028890836216705556,0.15342645017702147,14.001413784536872,9.706589304272953,6.6012089758871415,4.2075987325911575,4.0982661099089706,4.413229177747732,7.35326028957974,3.3727386200758183,-59.08129541876772,24.71982823740617,347.50432612437555,18.313816324263005,-0.7274995872339178,-0.17576616413837198,-6.77688713283021,-1.830212856542766,-1.658418094175772,-1.555438104117065,Benar
32.72225107586981,6.499984716978612,44.28384141513933,2.6481644140260254,3.004753402446081,2.191145649702331,5.7111458218696,3.5091318771786413,-0.3843481205014261,0.21038126283103672,-0.0570746150299292,0.26034308654077554,13.10196943783855,7.321629110717183,10.60285029380072,3.3006799603672943,3.002977663625686,4.40458893741404,5.73341679292074,1.8345926749918504,-116.97533093697476,12.134619488869825,-60.0529840497578,8.353709056477907,-0.008340313000798419,0.9411539671545662,-7.035111499269214,-1.409759894208835,-1.7934484750248156,-1.1959877921932156,Benar
21.52100965476678,5.79459599091809,44.11081330911214,3.2807417526610148,0.7660215303276416,1.660203802838602,3.762687754114658,6.506832047393586,-1.881337204280697,0.09521241852943044,-0.26162194868168515,-0.14292472913272788,12.899420969988771,9.40389249851087,10.379784114494285,2.803346355865617,1.8051366642264624,3.5113033980704045,5.69566447338088,0.8808269592520314,-23.320359989610786,32.67714766169912,-3.2690228691201795,-12.294483777792143,-0.8608353754030639,4.101851336039432,-8.524973433726279,-1.7059409368638383,-1.1297565711850701,-1.4057770607642994,Benar
17.60066244319258,27.52262770692854,25.501856693639823,2.6941579021745783,0.5941484803071174,1.684429942387345,4.166887620254373,6.091233034826202,-0.7525188415931374,0.252115624561087,-0.2076849867465635,-0.14911458072235095,10.61295027134062,10.606498356707139,10.297114639600215,2.9855847339775754,1.202409475306164,4.383169094622436,4.230287654208361,4.534524383748469,-34.177716192666054,10.976969408001588,-2.9865610791198405,-11.786201383553458,-0.020809856281561248,0.8317497332834312,-5.796462605170178,-1.385849753853725,-0.9860821932707281,-1.435867917958903,Benar
34.423256437920315,25.72342309207831,45.99993756121787,3.264048935633792,2.142628087537114,1.2407889115589694,4.5381203905942264,4.44989593623288,0.4407411119945269,0.26736883439726605,0.2554775104097383,-0.11581604561117394,19.595973450899052,10.801547640442111,11.10268339197103,3.21428061509085,4.382637827981125,2.1821692587934187,7.609350767101299,5.7853113085323224,104.3483946142192,12.346931052928143,8.746314366645688,-10.281794696026836,-1.3478808648530265,-0.6115528208710388,-6.346830411037642,-1.554160145086918,-1.2458058043422253,-1.2347852678887536,Benar
25.811469722466338,7.058428706128389,36.875228946009706,2.2209783497335387,0.5484413148015271,1.719506476984204,4.797754158770167,5.557115115535125,-0.8347892847813906,0.15065621541260138,0.11019486598499108,-0.08242234858438865,15.49477489570023,9.595278167326915,6.99189371985435,2.6075371831593466,1.6871445587862557,3.522524987308213,5.370802126888761,1.277828046445746,-43.856995610736696,15.47152323006293,5.554608521651267,-19.21879586779732,-0.280278015250741,2.882998933726027,-6.899431287054724,-1.3480425271486027,-0.6559286117677572,-1.4100742353292557,Benar
43.27739391088528,7.889666361459191,42.37416934007947,2.1943387316789464,2.2227011830978793,1.8767773558863237,3.1478973877458323,5.484258689633239,-1.3786611251076064,0.17291164696823713,-0.1604305782660952,-0.0032943727447281874,12.205151627928197,10.587707218485718,8.310750665012936,2.806264153253716,3.683244252351696,3.6946915049514555,13.857564017077207,1.4303846983453992,-30.63398557684933,13.174975536182192,-13.433516120473458,-148.52897972565995,-3.449864405585871,2.6982596889019383,-7.896023162492128,-1.3263270565132756,-1.6457059503445768,-1.3873581943591031,Benar
23.214720435509168,7.029202587653584,42.227276446611434,3.034371600965933,0.7423336254673678,1.8837580117862873,4.225092469517931,6.078324840583627,-0.050487373629762355,0.17353920571975734,0.0022791624819296537,-0.10914900052798925,12.800733465234845,10.479254059254094,10.11495807360284,2.3947150620543685,2.004283116076976,4.3887901934282105,5.4990539276351535,1.1634507728749683,-974.55931138394,18.249522020703278,36.71941821361884,-17.5648054365576,-0.5896592844819613,3.4285995822771618,-6.559014066408527,-1.5607679182632717,-0.8544218043534548,-1.4841782208058723,Benar
40.66513589358166,28.482687725148804,67.65855033080035,3.538704867937261,3.6596103535755553,2.6747986302591333,1.8651127497393756,3.2233778421320625,-1.8080331376383065,0.5740908371563213,-0.2532985117405584,-0.22382075639947197,13.994494446656757,10.384420222550066,8.804034415237325,3.296235418600727,4.408178775060693,4.406562964150439,21.810328825457006,8.89594189862283,-37.603408097302996,6.128863812911153,-14.494169642369473,-11.05170795348888,-4.519621341101467,-2.137984704340958,-10.035871314708947,-1.3069194775505406,-2.1645247422480867,-1.8723329836330698,Benar
67.83261486114792,14.419638978321075,47.66930233519012,2.953733222190202,3.2943148703201834,2.974163880164255,5.642413930950062,2.811352134599131,-0.6011322888119874,0.08325496896343894,-0.22657637417168372,0.16229852792537905,16.000056406141482,6.811890705258198,8.591061149435815,3.196423764546431,3.1111729973198825,4.389004072350721,12.032133085047608,5.144965170827152,-78.44048924113578,38.39345346832318,-14.559707554921575,16.70496054089141,-2.620055688072683,-0.9989677853272191,-7.50492547833539,-1.6338235702355606,-2.052879112799616,-1.5326980222464237,Benar
32.724776963815536,6.484407791729874,44.29098303957183,2.6434488454258798,3.0044413242988997,2.19084396265786,5.721503895849387,3.504732405075014,-0.37068492933868974,0.21413191593639952,-0.05352259766777111,0.2667440748222736,13.108064154173363,7.308350362002534,10.606760641110105,3.297094195959089,2.99624222038982,4.405445438312449,5.729029147741463,1.8663348640552486,-116.98154993358673,12.135246789067912,-60.0577020694114,8.360597074111604,-0.015042634042685028,0.9532268847610319,-7.026815747976808,-1.40279191200863,-1.7806876726684575,-1.195152980061049,Benar
35.503876240451575,6.067580724398406,46.1872181716794,1.940445638379062,1.9252328112853316,1.7311203194662648,5.85133050371781,3.564507896173507,-0.4083562209562117,0.09645950795489248,-0.21339024202541676,0.1727671220635184,15.706667059963232,7.89999995664255,11.009373478450254,2.7953587501957906,2.2025021617541354,4.376135319864115,6.069612815081005,1.7066988198543593,-111.71916716168408,21.546203517394552,-9.07888085477097,10.225296240687925,-0.09692031577845785,1.1222582942942256,-7.218904307002497,-1.3107055432468748,-1.6107975906062402,-1.1525795705739013,Benar
29.72028016541871,7.29434951092047,37.300349548480796,1.5363934217524529,1.7935906495879665,1.4251252361358724,5.990398660271388,3.889464633996959,-0.1476334780246429,0.0956485189695711,-0.08916657246262956,0.14702622211035832,15.409239608703338,8.481842050819658,6.693045709577782,2.6160852771279703,3.3932344550959095,2.914502462759137,4.9566424833960525,1.8827192045790995,-238.0480516424283,16.960842561795452,-17.326708891579333,10.010954047804278,0.5514101352931342,1.1815027555541733,-6.274312898225233,-1.1536394240850838,-1.4285628397949894,-1.0481194622981034,Benar
32.10662191533745,9.840210740102508,41.94239706150029,1.9120570962860475,2.189181215946349,1.809388771559823,5.71429722080794,4.044267254040588,0.21413634507792312,0.2845524960259542,0.12683214881027516,0.07590735048667689,13.017529165850318,13.41185694165411,6.9882203091396216,3.5916794133320984,3.707723763958776,4.408010819183251,5.622248661316707,2.4302486496597013,193.05896121963306,6.679284687441646,15.19280496532293,29.319189402780395,0.02630525841646614,0.9183661308713857,-6.25182250094355,-1.118645879887325,-1.338806478840886,-1.299188397613389,Benar
32.104451352361544,9.836406431923779,41.95824494046024,1.9164167311880977,2.2051317891251316,1.8244407775793463,5.688624748362711,4.036506468703562,0.21336775597020832,0.289952125469603,0.12945422353582908,0.06380870939640411,13.0135861008691,13.387402518311642,6.990105858798605,3.6039529376903454,3.702922737976219,4.397692019311767,5.6362660522505745,2.4312286622833126,193.05410469091308,6.681070442278209,15.182823547038366,29.3100708537256,0.019581172241209484,0.8926422542722999,-6.259348977820057,-1.111088718387381,-1.3529256050955198,-1.2605224366741907,Benar
22.197404432993856,10.73296222617707,40.540269891931445,3.232230692864984,1.5577041531200797,2.2679775303244547,4.455790965113773,5.9359645236884635,0.9307543665938284,0.09197245089013917,-0.1709380842061953,-0.011693899172023025,11.590005444437839,11.894515626213026,11.991225316066942,3.4022844908130683,2.297259822532745,3.396174489704113,4.981442931832253,1.8074131705958598,43.417907965827894,36.392677474891094,-9.036141068176207,-152.64343290353503,-0.26707009198017834,2.6765186656372437,-5.438731377866737,-1.7185736263851863,-1.4179266331527638,-1.5249666864706741,Benar
41.497827863329775,8.018574070975566,41.279903412640635,2.13592850887805,4.003651937090421,1.335118505938372,5.52387384660053,3.15161526842074,-0.9072538003249176,0.23858860670247195,-0.13707050451661398,0.2243388885761226,15.099051061510773,9.010222342587902,13.002220227653433,3.2910420392566713,4.387453646907612,3.6024725198008056,7.526204400144652,2.5358232411804282,-44.93060324501765,8.285130849697932,-31.825810853791676,6.146837159728519,-0.9421843765001734,0.3299856977508562,-7.33368546590346,-1.1924733237973688,-2.125865303444994,-0.9533490104932413,Benar
23.24365916943368,7.038285316354624,42.23260352551926,3.0500642373521765,0.7204165727231154,1.8680829859683705,4.238232737141854,6.081218033409446,-0.06047854928088146,0.17775226705589714,0.014194823250489218,-0.11366374189672124,12.801882477742394,10.493348031531694,10.109011886858658,2.399484869644442,2.0001497723350377,4.388466744341186,5.488333328423012,1.1705159247933519,-974.5627386670196,18.25774884969048,36.74500091466589,-17.56624153388128,-0.5992218267433368,3.4292749942392358,-6.535315354993558,-1.5690184630518018,-0.836136412729145,-1.4747586797816796,Benar
47.35341446634535,15.177926945435573,48.00748068439054,1.8274393344269946,3.812375180352808,1.493524843112961,4.904201960203059,4.082507945022579,0.07653274843760358,0.19714812153071387,-0.05584310906036946,0.020465115879696422,14.803147520006698,14.391320836492602,8.39467571325144,2.0950059054062047,4.41374595501409,4.403203482114336,9.645672760981451,3.7046808009944736,662.8695747070174,9.44905405035826,-73.33878095936804,35.86579114149041,-1.9746522463035134,0.19605119875969815,-6.866943704019407,-1.1592275143633466,-1.987678870795568,-1.1904364698128347,Benar
67.82211895944864,14.397629101316173,47.66381554026407,2.947927748568006,3.3196146225296994,2.933019960760951,5.6277830404526705,2.8036490291567238,-0.619495854095798,0.06753260193548577,-0.2431213445390266,0.18525528454908993,15.986528399117708,6.807897674838817,8.608464876086957,3.2009832079653635,3.0895412942542637,4.40923420445691,12.015280413992686,5.12833932933708,-78.42870220989899,38.35772598086103,-14.542434759970304,16.715151051422414,-2.5983163472252353,-0.9915302026199307,-7.509880306543076,-1.6329217087531682,-2.0623597550446107,-1.5491915096054514,Benar
42.894921515208466,10.177483685896217,37.78620286994781,3.9635237326816033,2.794180830232183,2.935671378193488,5.813096328865241,3.0184397633370073,-0.6357357018464777,0.17037915278839533,0.008366245320856905,0.16680047432394216,13.998019843754754,9.703531150448164,6.583435820519088,4.201746312274405,4.099579197609294,4.394616156181153,7.395807940594497,3.386703420226787,-59.06915014035885,24.6966501626561,347.48441096517286,18.306769230003447,-0.7481065739687345,-0.17055221187555747,-6.789834231084499,-1.8349252906615106,-1.6698426912548499,-1.5650534493774508,Benar
22.21578244473311,10.720439478721447,40.52158092438551,3.2266124507791307,1.537842065771565,2.2657675270639817,4.463568194668124,5.958949390416534,0.9157179503981102,0.08599153787177091,-0.18215394319920822,-0.01533339733359229,11.619574985759703,11.892104433429482,11.995808410194488,3.394869574529536,2.287147702553394,3.4146554294776457,4.969887430535416,1.8117613453561445,43.42633974977876,36.40235176860903,-9.028579740827333,-152.64099353107534,-0.23074177986558178,2.6803541011441503,-5.430659724454549,-1.7201871864196905,-1.414042629277752,-1.522905445277992,Benar
67.83456850030541,14.40867392873825,47.67123486164266,2.9567470470670236,3.3002662264666625,2.9488883046617573,5.62038861911873,2.806234363851106,-0.5990626905664584,0.06875803452504939,-0.2370429029130236,0.1774216284375408,16.011771154237362,6.798320381529566,8.601286144650206,3.19549392591044,3.0563961707736884,4.3976119799583175,12.052477917370132,5.1457921157695585,-78.43993329556754,38.36316203814682,-14.545334890213763,16.705897773795805,-2.6014742616586877,-0.9869780920093456,-7.532567561407234,-1.6556484853470943,-2.0399559481241107,-1.5530257080730505,Benar
61.20580496317198,22.061363556118657,57.781916976015374,2.825939526296164,3.5206513582999035,2.332766432732863,5.240498466878913,2.951899149702234,-1.2153857409126958,0.22753256479552417,-0.1168120905329331,0.20373369894321672,18.794528177157893,9.303937484215451,10.309173847012083,3.0920734776727423,3.1965698363714896,4.098497328206757,11.659737779366742,7.407688233291666,-47.11627469119494,11.950175286894835,-28.8717809827026,11.198263766130209,-2.5710998048427234,-1.718466892127511,-8.82384414547102,-1.4254923213246702,-2.0003055058762116,-1.3264278287067288,Benar
38.41422692984056,17.741893650208215,42.893039393259045,2.4825466113938943,3.091738450317447,1.9965629541625651,6.5601340348494,2.497744325027173,0.2229230397909339,0.10329777824248976,-0.3397037950382286,0.20668977149551182,19.30197789813798,8.695387484448483,9.116072464463315,3.6045695881347193,3.801368459397977,4.395883859205373,5.824060197409081,7.0602974297534065,188.51302826104,22.645295412046952,-9.462961689699586,9.673155604317062,0.37190909531304606,-1.6952896274707427,-6.317475723999741,-1.4904015745168728,-2.0967748648758064,-1.2032032333397646,Benar
42.91742338830114,10.199411587334897,37.80183314656058,3.9523553025394875,2.76487606030439,2.9309239882857536,5.824726790708505,3.013776632483078,-0.6148469874404435,0.15697579667783684,0.005059709496913187,0.167346944228035,14.011180095702201,9.705429445082105,6.592951548734622,4.200982380770453,4.098045227366354,4.399679572708622,7.391040182267404,3.383946769679027,-59.06742282756513,24.722648195923153,347.469039700572,18.307435090380586,-0.7452235075790065,-0.17688864647076902,-6.797767294812318,-1.8340493175605586,-1.661629069024483,-1.5518452419185098,Benar
37.163411791809644,4.042589932064647,52.41725274263687,2.9011530801151757,2.86532956369821,-0.004404284028572665,5.182208305044694,3.458041582849325,0.0050299024115120165,0.1975445293087914,0.03343504802016749,-0.011972508307000139,15.399956229040168,9.71106013351644,11.19888288268555,3.5897654267156236,3.6164426931085076,-0.003903461751138049,7.192385682160767,1.164934724944616,7601.2092043525,15.501777030762682,118.44468383293015,,-0.9097404992921714,1.4509332257765,-7.217871457704965,-1.4946612259864247,-1.6684105547809245,0.012499177097911842,Benar
35.29949227514524,16.349193336303916,36.01039024815451,2.266520854846228,2.814870411256079,1.3000184610042638,6.449263609057799,2.6236987583349385,0.33566714763508826,0.15111766431072904,-0.062269222650166434,0.18941808162070084,15.588198533711484,8.582758038363965,8.889554136094057,3.894627626996907,4.098882948233226,4.401985877957554,5.4520642004121855,6.200388070268326,104.46524546868554,14.341104761625166,-48.41225427911888,7.058379920419141,0.505433173944283,-1.3976043698395013,-5.653660512270397,-1.3262609956512519,-1.7344124313855314,-0.9639584412475851,Benar
32.10719029283687,9.850184369689186,41.92744360965795,1.9334870877645296,2.2018997410897803,1.833870607374716,5.697416545548253,4.064832208805104,0.21100577032747697,0.27915506341090446,0.13727542464048872,0.05989188966442719,13.008236377751347,13.385679836424497,6.990751652059897,3.606012488510279,3.703351675798829,4.4050805790469365,5.635160327114272,2.432101475933829,193.05442887846414,6.690796426801923,15.205826236561467,29.322517373603663,0.04188794777170028,0.9110857324994707,-6.230900505245239,-1.107542385180273,-1.3335606105212647,-1.2769074808174596,Benar
32.74096908858101,6.491855835025553,44.26948191801499,2.6467551137689873,3.0010715796212786,2.2048580113815666,5.708713687656425,3.4969195195088063,-0.38033785320710223,0.2119453963505817,-0.03972367573000623,0.24279400982024354,13.099191922020948,7.311644324275847,10.591572086728164,3.29479301882285,2.9943016580763824,4.406655025057962,5.737423010978217,1.8323134039773004,-116.97779675060463,12.126818887022363,-60.05789401928265,8.352405132467641,-0.002665179535000238,0.952888638865975,-7.0247036814418085,-1.4099502755524314,-1.7830841797296695,-1.217533983515399,Benar
67.83822632880509,14.417642704448067,47.66292158332343,2.955029650259101,3.2909499709846126,2.952641831663007,5.639566357488533,2.814577022476186,-0.6140252383720893,0.08672573027871139,-0.211089136847218,0.17959494676730614,15.994687916531749,6.797096996885415,8.609293131842877,3.198860906599952,3.1132011032897817,4.387259539376057,12.01921869740247,5.143092039694475,-78.4493808740838,38.373957222048816,-14.585658708207928,16.719295935551877,-2.5955062947582572,-0.9944225407352453,-7.498478919601487,-1.6276138507731406,-2.0457933731354205,-1.5440359510468056,Benar
32.74862465794431,6.502482392238686,44.27988102433565,2.633907340716292,2.9919335299014933,2.1860816981624778,5.71172973585396,3.477084955598428,-0.3947685310746234,0.2148450398084497,-0.05806985675643661,0.2561955129384761,13.088733543834694,7.3032524509301675,10.595739952544562,3.289905331765323,3.0012186544461548,4.411309522382938,5.7085786843120765,1.8668749912263247,-116.98074238781399,12.152052533651753,-60.04957225351231,8.338835100615203,0.0044767745063164655,0.9585113385901507,-7.033214909079105,-1.4038710775950445,-1.7735187388284104,-1.2276463232620396,Benar
34.436447650674545,12.418684387881415,37.8537380563175,1.7431848065050604,2.32809334723865,1.6551805668503041,5.986166238982733,3.9188792446259626,-1.17360426185273,0.1669326419694311,-0.13436205103950843,0.13969410516791553,12.892674996174405,9.795434540929701,6.910988259074169,2.6021829564588153,4.412593097083702,3.3887841755600103,5.746784048720975,3.177242514492677,-32.223467202885985,12.843255108252924,-17.59170178325469,11.41559340436774,0.12062654788240494,0.4073115605915147,-7.328410483655243,-1.196638426875931,-1.67044256823056,-1.1306319209020026,Benar
42.873665989859184,10.19537198503218,37.79883289186688,3.9539152696535793,2.7829780279589498,2.933257269480404,5.803990331223295,3.008904637125604,-0.6292320665965468,0.15336989515616237,0.014275544888712532,0.1768186503619608,14.0044545676105,9.716140067820012,6.598966388787194,4.176143630115077,4.1119097847821635,4.417467683334462,7.3908079923192105,3.3796560109537217,-59.061495426594014,24.71073530343374,347.4823856582802,18.318847381224895,-0.7437919673939963,-0.17051580649311285,-6.800933666217039,-1.8368279663879155,-1.6646520679695762,-1.5470358879258064,Benar
24.130454410388946,7.114977519104783,41.14575847796295,2.4286534379882387,1.0971053515995868,1.376268196544348,3.6937540478081266,5.904869033401206,-1.0553776158228885,0.05206219245283558,-0.10452522736412406,-0.13987034940980606,11.193403193052987,9.414139921449493,10.894447486687671,2.7948372101578673,2.6009187158593097,2.903801529744625,6.533061514922688,1.2063890028101172,-39.43283857483338,48.1956253325542,-11.803754190383113,-10.057881284147571,-1.206077458439851,3.2207962882791152,-7.418930874099883,-1.5133233207452566,-1.1516079975214466,-1.3135133040028368,Benar
25.790102944125405,7.05657223479431,36.875811678177065,2.241475296283155,0.5663974886711314,1.7126030294352996,4.8126662385275605,5.566787663163489,-0.8627332673899224,0.1553394321919741,0.09784337528089981,-0.08365719501265845,15.490274136633632,9.607186992937388,7.015257095952181,2.611632654342132,1.6980840274174538,3.504648715614052,5.3772657043115695,1.2827153608989876,-43.86218338286527,15.447302429242338,5.586949232968098,-19.215196752464458,-0.28781953689974893,2.8947798715287814,-6.912463717974556,-1.3507718901492214,-0.6276382928441332,-1.4024740163411085,Benar
47.345681341879455,15.17808757233225,48.00317976872428,1.8194192378142304,3.7930860190974123,1.480718233636311,4.912125259156793,4.087363570070807,0.05483271392744046,0.1969295640294439,-0.03327501412131964,0.0446627854292,14.797048421116095,14.39645237591695,8.403156790343928,2.093507735899637,4.399154599031176,4.39783131992511,9.653095039865708,3.696081631685042,662.8781784522997,9.418290002701964,-73.35052468605366,35.84926274570908,-1.9799041127931907,0.1945097840110898,-6.855276295471797,-1.1495182029561795,-2.0056854889901814,-1.171891459197722,Benar
42.87259389529885,10.201111974985245,37.798935192297925,3.954802316622062,2.7744076982173578,2.9372922350101587,5.804246906312367,3.007387463718771,-0.6318528791863479,0.16071884345565843,0.004988417655841959,0.15191498795725938,13.999245126607443,9.697241532561957,6.605026130855148,4.200699729628018,4.091013061918053,4.388466281562048,7.387420101415471,3.383708179014777,-59.050300115855585,24.72073599090432,347.4764186986813,18.319226372389878,-0.7352725620028181,-0.17631340270942308,-6.802259215814518,-1.8244642349599633,-1.664229716849005,-1.5425958698163378,Benar
35.314131643395065,16.332659855177877,36.030835070880286,2.264294738848464,2.825841282695386,1.29884264982402,6.462962490415754,2.6325881164700946,0.35440655522496006,0.15469748470852449,-0.059055148854043345,0.18630930352503708,15.596048866034339,8.595474776535303,8.922862052492231,3.89427846948185,4.087480605738068,4.418978829366841,5.484515706300597,6.201777885443782,104.46662576533829,14.361112711364163,-48.42343037493616,7.0365998924662465,0.5030393723880167,-1.3995342352074687,-5.644265808664924,-1.3251469753981153,-1.7339379214752122,-0.9460712495169682,Benar
41.50087222826391,7.982868419704384,41.29716763574398,2.140446829247288,3.997215548076026,1.3339978354445587,5.500564716629859,3.1498909739617673,-0.9098020822709127,0.2673535338853147,-0.12864718820923687,0.21261915306066725,15.107500607702962,9.001452634299433,12.999868731559944,3.285497676260827,4.399080132201567,3.600902083334353,7.539742290377083,2.5550160946385234,-44.89703091444925,8.307375508834609,-31.813189493561225,6.133565311811626,-0.9074432617752699,0.3167913014666176,-7.347190234200431,-1.2047106727599104,-2.1405093398351522,-0.9530981137167421,Benar
41.481185027999786,7.992603327509772,41.29320140560557,2.1498513810527906,3.9978028646046893,1.3179622472294334,5.501154225657792,3.1519952956389576,-0.9296970371104829,0.2501441227011123,-0.12523819619600676,0.24332842318031506,15.067041592361575,8.990397431225125,13.015011219827787,3.29695359478377,4.387590917544208,3.599839551865965,7.537321624872702,2.5446934158374668,-44.89682495305658,8.29305198431148,-31.811472844496468,6.141505626918272,-0.927240431183684,0.3107765503216984,-7.331110725059736,-1.2097382988901588,-2.13353525781419,-0.9348224409436992,Benar
14.08234692598185,9.907280015021309,37.83310197812191,2.1621665695067245,1.9562990902391513,1.5941033690821906,7.036002844562632,3.6002242454628415,1.8152195993662406,0.10537289113195415,0.017771809857782067,0.10403215839904813,13.681696919886983,9.10287176399297,8.81803602549285,3.4978749360010575,3.4083869330431185,4.4139485394010896,2.002012662050912,2.757620356275706,20.7864723141296,18.972589513252252,-587.0670200655695,14.469899147395536,3.29641132290139,0.4336301148261818,-4.335150218779394,-1.350391085743416,-1.3964349619910688,-1.154332718071445,Benar
22.19887714477371,10.737395493528037,40.52361677049254,3.2173066869788647,1.527980569257877,2.2553313013876037,4.463865859134681,5.9393699794111425,0.9334612082655454,0.08814902123132301,-0.15598085169933384,-0.0295532950948271,11.598878507188976,11.905477997453687,11.998541941724628,3.383962387622171,2.307557531153234,3.3944158109047162,4.968011631850214,1.8019450487979982,43.41318396380384,36.37406766256027,-9.043507360359122,-152.65672988204355,-0.2558032758259224,2.645239893656119,-5.424338937282909,-1.7218587342744711,-1.4154029884885932,-1.505965066237685,Benar
25.821875097410057,7.058164858686452,36.870228410804074,2.244352865656263,0.5580692290996732,1.7069526875602876,4.779282309335734,5.5487337520321445,-0.8407179601308203,0.1538877814552455,0.0824298588649901,-0.10352576750330462,15.51542377096302,9.5980602528437,6.980853859604937,2.5931427971314807,1.6998647750403169,3.4890932250497753,5.377326609044125,1.2585520954261094,-43.859680144894696,15.451604834546998,5.576935582696861,-19.217116096088983,-0.2682182774934691,2.8901063612908877,-6.923583147276836,-1.356914912657966,-0.6362534596838934,-1.3791675581239946,Benar
22.212382519376273,10.720885553994286,40.525858022794445,3.2278222465869884,1.5427202686054908,2.2576459307891907,4.468521681898537,5.938531561395588,0.9403098044479036,0.09134362030892225,-0.1776169897584482,-0.030877187688043095,11.586160807584204,11.90976919462396,11.990070557255919,3.3867872626000173,2.3035577768843134,3.390364105899596,4.9617697321568395,1.8269691239358101,43.41578479593056,36.37850928759925,-9.034886905364703,-152.6285193985242,-0.25327758663241545,2.6674905130397715,-5.437450427168158,-1.7012504050349202,-1.4151124146038727,-1.5156678172732438,Benar
34.438854623272434,25.734869036460243,45.995378885500635,3.263062531702209,2.1241459025004565,1.2369128847783852,4.522006215316514,4.440034779770635,0.42770855249794865,0.2779395465668093,0.25475845092655425,-0.1256366479283958,19.59614306276435,10.814583427657244,11.123042962115537,3.2159743430943837,4.397678511697016,2.214485095413417,7.619214865640292,5.78875261347048,104.34177100273331,12.373009515464126,8.759043708794868,-10.276874607631221,-1.3425950869589485,-0.625349614043112,-6.333487664086535,-1.5290333911989753,-1.2240198063857042,-1.2406142477447355,Benar
37.142555146577195,4.0344302582877605,52.415752237860545,2.8759773462765392,2.8562417781965355,0.0005764022635061526,5.171133867191556,3.4391454768161007,0.006443511813083608,0.18772472865605289,0.019789912640512226,-0.0020614735596667954,15.391055480086823,9.692825192491869,11.194577311538081,3.5833527550022333,3.593161200484879,-0.006014103546656098,7.181836049350056,1.1710519265905903,7601.224759591526,15.485100921336228,118.46415658772689,,-0.9367014899580436,1.4396969518553362,-7.213102983351334,-1.5155872922201432,-1.6723875296445607,-0.003015886481665484,Benar
22.198186654702766,10.70550287283985,40.52198120609907,3.2163244474821724,1.5404480350944605,2.2621422115998366,4.461507934524568,5.950807469592008,0.9314569817048491,0.08634207122534775,-0.18426971281351234,-0.00764785353686843,11.606863735306268,11.88604462409098,11.996520271431278,3.3911085961110037,2.304476062191231,3.4032727156163496,4.998620327308867,1.7963639426223041,43.40506094044494,36.40053803623227,-9.03014698150314,-152.6298011166964,-0.2485451643145771,2.6608002667867483,-5.43335762743907,-1.7200815101505609,-1.392115238764736,-1.5268622579729707,Benar
17.60262164459019,27.514124116190658,25.504431286564206,2.716567305498107,0.5870279625630321,1.6827830993580943,4.168651997691687,6.083101515363986,-0.7429649774518067,0.23681130971611455,-0.20071175431549754,-0.14226530618515737,10.598368540288002,10.595083233814714,10.284459972222322,3.011642281347484,1.2045552278559781,4.405925868893331,4.243027964852202,4.52011449004904,-34.166402263984146,10.980250399118388,-2.987121286561702,-11.8093106665007,-0.04435830346361564,0.817890614732726,-5.78706552368057,-1.3880198713516434,-0.9589693050362457,-1.4198023965665072,Benar
28.092786725242398,7.695769543267192,38.65146369925577,1.5533913130695498,1.4734236361314834,1.2766725715202072,4.914049767439077,4.917100572890991,0.0463210814134485,0.2419561412933635,0.08133856889006953,0.026857559760994115,10.881747369143882,11.78650247078271,7.209398934990164,3.5904479267335785,4.405049194716416,4.214659579495336,5.722976060378761,1.577379195329882,730.0107851959855,6.489738999359142,18.663048720639416,33.95766383413122,-0.3780675782561875,2.1456179005414184,-6.161580348058482,-0.9864281719594854,-1.1322844488789525,-1.1133606274204526,Benar
32.67962692069705,6.221574650152498,50.064103367619374,3.1504954038281276,3.4774037258302135,1.9361248740588763,5.9778958889527125,3.6711896890434206,0.9168870192790127,0.33742694036649584,-0.005906580461679657,0.2507843264406974,13.910982873927432,10.18988424122776,12.790404157088819,3.8988702473208985,4.413138992968236,4.3914789525149045,5.460323991949032,1.6916958975131653,55.17235565942339,9.551220972715399,4.032750760834201e+16,7.537751108606564,0.2666464647596402,1.194028232838685,-6.154101021394954,-1.4537662047607114,-1.8615665574347489,-1.157650171251998,Benar
25.783905971966405,7.069992078643012,36.871641561324765,2.227295728005745,0.5564341588555155,1.7201610855537501,4.786362926250399,5.565209706816292,-0.8476400742008066,0.15487299308936844,0.08819076339013847,-0.07631580250737481,15.51709138238383,9.598064112854622,6.99511452446046,2.604548312945647,1.688039679301555,3.484459880986298,5.3550758029978205,1.2744855646384472,-43.854059862866194,15.46162271637548,5.557799679231912,-19.22757318532679,-0.299694335827872,2.8914774345426606,-6.913974304791186,-1.3446871280719388,-0.6587173631604387,-1.3959963877526282,Benar
21.50765547991064,5.795742089653691,44.105689081303446,3.271288405532595,0.7848875487153472,1.6531991524412228,3.768923912128615,6.509858424080318,-1.8753356045863012,0.08746152230219036,-0.23157602055921714,-0.12623849601244952,12.898385552103536,9.416496075657232,10.414106740384614,2.8009316584303,1.7922707503106121,3.49594470641426,5.67804483237655,0.8902863120206729,-23.3148136983168,32.696224926307565,-3.280888942011872,-12.321917453811196,-0.8636600617123266,4.112771770747443,-8.521662735389102,-1.6950132251801593,-1.1332024560794702,-1.437210912652662,Benar
34.8540645265584,24.318708638085734,52.14538610452857,2.759284128064098,3.6399363246751806,1.5723039490758755,5.95323241418716,3.1621739606156316,-0.11992461377288148,0.2152799156676902,-0.09491276856556916,0.13897332501853799,13.397453817743836,9.707837782773602,9.40199127920791,3.3141856088648995,4.40659165619255,4.402095467862432,5.862395676320252,7.671109063355685,-387.4165331714377,12.130440783607153,-39.44774561870776,10.793953117215382,0.05738141253964637,-1.7731816814617356,-7.3583483018066715,-1.439982678741303,-2.01008448587275,-1.1069589340439034,Benar
38.42884005409709,17.724085405077833,42.90193792029433,2.485084285230511,3.087650379283059,2.021593876095073,6.558537256805562,2.5161273016950476,0.21749063463760876,0.11140231234190574,-0.3163620554489323,0.20890953375673074,19.31647621924831,8.701442191245949,9.08440929380118,3.605880152757927,3.799961007305004,4.395329731948262,5.8555772039554235,7.068464763489857,188.53014871064596,22.661084824588176,-9.45491573210993,9.71681456706238,0.3808445721138862,-1.7008823821910617,-6.3178352662257655,-1.4667049765245614,-2.1035896094030377,-1.207944943195389,Benar
38.42080794270921,17.735281318289378,42.87986580598316,2.5044615067846254,3.082420982982652,2.0081712726253205,6.563040213347592,2.481816148520005,0.2227442393517973,0.11894002781429026,-0.32530736973698837,0.19180376263675808,19.29577979383007,8.7017567428399,9.097410972530724,3.616279372996419,3.8016288911458562,4.406541384076211,5.849618205770258,7.090975597276987,188.52943966398502,22.642585044310447,-9.46667636297493,9.700463881068771,0.394520870745804,-1.7030615701391354,-6.323740307968204,-1.4715543511688012,-2.096650341274881,-1.2057162822381609,Benar
41.4777661449554,8.009040751962042,41.28837031602402,2.155814841501382,3.9968735544825362,1.3211876821079542,5.5134935817626,3.1363113022732336,-0.9301399465255575,0.25846413674039354,-0.1208794058788334,0.22179826180264284,15.087293112942298,8.994162049520051,12.98565444557199,3.3021292500394575,4.391462768379327,3.611064292011243,7.523281559591828,2.5413056934063096,-44.91223451171178,8.327841494703955,-31.80866688009214,6.132807229238887,-0.9407597407084192,0.2943565037629172,-7.3506870003067,-1.2061413344027445,-2.118755302194528,-0.9491214392384261,Benar
22.195452302753527,10.734453034647858,40.51535994676271,3.2236894580517115,1.5344359751813863,2.2565699617402153,4.458624894578275,5.94474957370641,0.9410027335315486,0.09710350478248578,-0.1877462522118162,-0.011708686157474753,11.613164075574996,11.912682792190388,11.997502629898365,3.4137994571672134,2.299919698876332,3.4038580817377495,4.983410453443383,1.8062186276769148,43.43157364430268,36.378939017776446,-9.011264232257341,-152.6348731978887,-0.26186958158419615,2.6637140723770654,-5.427381658120719,-1.7174891637506995,-1.3964916920278914,-1.501670054007646,Benar
34.43085424278041,25.729762354782657,45.99400936613459,3.25592995694788,2.1430943389285533,1.2711898959569612,4.514268216728782,4.442957354711621,0.4557870086986593,0.2518999037220486,0.24313457117532872,-0.11898545381936323,19.609759825007508,10.794286188350396,11.088685035548735,3.2109467644217076,4.401565494146231,2.201361076346233,7.61911448416657,5.793540114963378,104.34921492360428,12.386444922715762,8.76120982233626,-10.26228679831829,-1.3612381518789325,-0.6202254899041861,-6.346047634459241,-1.5344989209935396,-1.2305793273592838,-1.2432246417043882,Benar
40.67958102779087,28.476723365434022,67.67210298875835,3.5101077803900322,3.6610614396774364,2.675174812596881,1.8575205673208763,3.2005725271934664,-1.7960895900626623,0.5893838368535126,-0.2348327183665815,-0.25110023321781305,13.992808486342435,10.398200425558441,8.791485871915983,3.306959893544863,4.401957905213218,4.380099556011405,21.82785374991198,8.877721342541117,-37.60941085848208,6.135222690410211,-14.483045631521415,-11.046290988232496,-4.511536629064324,-2.1233835995709596,-10.03577432022593,-1.2987951200327241,-2.1767453267426684,-1.8689734634878454,Benar
21.526984615861654,5.809098793370787,44.114825452127036,3.246936128165551,0.7839545237996156,1.6494807654665142,3.769275249383418,6.5290276849046,-1.8941568611064274,0.08374689604341597,-0.21887091987187837,-0.11598044053471011,12.90169383564467,9.42824004398904,10.388977694724206,2.7958278464555897,1.792527904235879,3.5121162393567817,5.695485861875443,0.8962959436859157,-23.310920656992817,32.67769396849738,-3.2694007803383274,-12.3088742612632,-0.8503548028637585,4.111333981418974,-8.543911938997327,-1.709218510880234,-1.1186142075405325,-1.4284561602683963,Benar
35.494855468560374,6.0788151777006325,46.18352661955199,1.941699858498982,1.929915360047414,1.7519044259114018,5.8519991241530285,3.559735554934107,-0.4156379385153362,0.0810365293395591,-0.21656064789680557,0.15525886681062795,15.687553406569174,7.8929550456393205,11.000317983167054,2.8019853263670806,2.1975071287392467,4.399079185667014,6.075217634888397,1.694024361904375,-111.72070037191695,21.55623503732528,-9.06070404034649,10.22143593641058,-0.10568347857463764,1.1034067956462685,-7.202749730320205,-1.3065309901443782,-1.606260416249615,-1.1540672873509696,Benar
40.65913948614408,28.465264813959415,67.68176815102504,3.5178642031509955,3.6620911488335697,2.675335906704908,1.8576020990769528,3.199822345605988,-1.7968163801647141,0.5848961376425643,-0.2300587441567772,-0.23273677563154563,13.996139107449252,10.389964785604375,8.80974784703285,3.3195242992281284,4.385406512041168,4.401382168585477,21.803850758948965,8.895091409412643,-37.582713564702985,6.105129084083804,-14.481318076723667,-11.048534110593733,-4.497403126014943,-2.1467048351379505,-10.012010882732175,-1.3222469112804411,-2.1501551157687704,-1.86943566792787,Benar
10.917211580228424,4.945767445779473,30.31323861419361,1.409109707816477,0.3655691709837751,0.8464582344162908,4.578724365542502,5.971281600188374,1.9653517910000506,0.021386850158878278,-0.07089245905638199,-0.05761003074276465,10.19719866348352,9.911191804955179,8.113048208881198,2.2805607829988195,1.5143081474631013,3.595700216114552,2.387503319310143,0.8269047090325262,15.486784393676066,58.25656996667973,-5.607758882761189,-15.738906962022607,1.2557068907551412,3.73658075446681,-3.558433709024538,-1.1712257886803956,-0.6758974872608847,-1.0001008855303726,Benar
47.35218731735914,15.173677172534456,48.00284278837544,1.8171962528732057,3.784200228734738,1.4808529281712457,4.907014482023343,4.090067124788818,0.08769246580362777,0.17764504172924767,-0.05300838389137346,0.0497466028720946,14.78821902896995,14.376485209906251,8.399637755588724,2.105535428652256,4.4031963058685415,4.39166577912072,9.658782806605323,3.7165032353449634,662.85188188468,9.425374508934182,-73.32936975238563,35.84771828593321,-1.9856749279810664,0.20322613400954498,-6.855060680884137,-1.1604535468506445,-2.005324704212008,-1.1754102870086214,Benar
54.59622879867397,9.714307807050027,60.06699902362422,3.369965412196418,3.939291649347762,2.226752623257884,5.085159068362613,4.034485893526035,-1.0562948628276725,0.10258587688754559,-0.07359097653127275,0.246281032694237,17.495291861200798,9.999595599533832,10.208034827676366,3.5939847212892757,3.111933582198975,4.190820645985897,10.78740134210476,2.4191792898145446,-56.66101863291457,30.167154856784848,-57.82189692714219,9.01774594654022,-2.3151321024835987,0.9303051877663711,-8.7878765719735,-1.7308903525340613,-2.0435002929263084,-1.24786349287101,Benar
42.88425129839411,10.173877741291502,37.78301411613447,3.9494745134488785,2.775040157559047,2.9469427869197586,5.816401810922961,3.0149050624027494,-0.6451089731610173,0.14259820058498787,0.021971388133313882,0.1425761133134921,13.998623602776284,9.694178159135216,6.591255501548954,4.196765536726161,4.101050523801563,4.4000559525447285,7.373607762150381,3.378003724506909,-59.0384770217583,24.718075092642554,347.48297543605116,18.3273810093479,-0.7354349063242682,-0.16153541697733426,-6.781998532484719,-1.8240573229379098,-1.660996323641591,-1.5659565576246333,Benar
32.09279577481387,9.824780396340806,41.938666494694615,1.8987982538481945,2.195567447981074,1.8192066065113623,5.7077009839090564,4.06563713812974,0.21946822122112203,0.2932088208397089,0.13536123396044195,0.07353724030256437,13.017430275337254,13.402401425372117,6.992557636089836,3.5931695293691575,3.6986195228748198,4.395762822634582,5.622621152758775,2.4372578194707297,193.0755288752752,6.698935797583674,15.176832461879096,29.318978793881755,0.0368467493003495,0.9131521992959788,-6.275602949520936,-1.1006714856089301,-1.3158014468591221,-1.288852870788404,Benar
54.57628367928913,9.737466122510563,60.05355586457405,3.3620903158161526,3.9096451231522025,2.2170234157585575,5.077630351420405,4.0423361195218925,-1.0554574260847522,0.11534806429850318,-0.07144522257850902,0.24038050350352097,17.51336595934132,10.000561987624044,10.183183153763734,3.61159845561865,3.0886481781547017,4.211286769640189,10.755511249055017,2.408924548849043,-56.65907777825149,30.14919767437445,-57.83639637236783,9.00915260289652,-2.316467210716743,0.911590227928443,-8.80020592662471,-1.7174681146199497,-2.064888449343609,-1.2514385410400786,Benar
38.420965998729,17.713296738731753,42.90120528558867,2.4980352456810277,3.100569150593256,1.9979493505918196,6.580256262447441,2.515435946231324,0.23531751825071504,0.12070049099131064,-0.33230569778135305,0.19628336057893223,19.291293195206837,8.702088597134445,9.108714131521378,3.6121315753611762,3.789230029621446,4.3910379790787735,5.853896739834357,7.066314976740699,188.51564544855347,22.640686862902943,-9.45761180597148,9.682311559832703,0.386554032004148,-1.718809353026706,-6.307664946112597,-1.487468313346946,-2.088760927673953,-1.207267439351831,Benar
43.25891812189295,7.886319493995527,42.37362407971319,2.1799158673088272,2.230105929811607,1.8632057563802629,3.132609567289539,5.5169947205896115,-1.371989856269254,0.20037689708496964,-0.17467296122571233,-0.0075904852099242075,12.20096188241643,10.59469196723266,8.315206270407582,2.8015748108954566,3.6918810964564797,3.695404061289704,13.834911797563084,1.4507320665051704,-30.631494238372483,13.169135982391357,-13.420179751734759,-148.5415400539726,-3.459490071425988,2.6952147743089125,-7.8902314562150675,-1.3429833525944348,-1.641656109535909,-1.3781269077962794,Benar
14.084964565584144,9.918292956007429,37.840912598006014,2.1588215017297054,1.9662775956202192,1.5947461094703024,7.026099704326498,3.589133726247764,1.8329168301434318,0.125373954603895,-0.0007761953320279923,0.12542267014243122,13.703135598600241,9.117989078110853,8.787716111030399,3.486770389090295,3.3979559292227877,4.408132025452641,1.9905008487905753,2.774707135917392,20.7823734801406,18.97933340026941,-587.0654664504284,14.465358923086352,3.280195821520996,0.43117899396544884,-4.312594815639497,-1.3593714716580263,-1.4110663902614888,-1.1503981831941514,Benar
24.132477875683527,7.096092955670439,41.13621935221893,2.3957543292842978,1.109646589189057,1.3742132659530382,3.713878605474734,5.882825510866849,-1.0615381241077917,0.050196919565048514,-0.08973546223728254,-0.14228064740177107,11.19590434996133,9.399276525208325,10.889513013586143,2.80351312563307,2.6020732907781645,2.9059773024094113,6.534545131825608,1.2057156253700672,-39.424713752534956,48.20205408741143,-11.809951490326934,-10.076357360122092,-1.2098447742139835,3.233542574813636,-7.466724051975949,-1.4908701021870865,-1.166198586306589,-1.3146081010485697,Benar
34.44514452564345,25.710107658061983,46.006021263855615,3.2607879280455925,2.1408012609718936,1.257044883610049,4.517137170521366,4.452074642060513,0.43447541408011287,0.2706930261349036,0.24552200329165236,-0.1276103143498825,19.593059593944698,10.793617049487084,11.120630084084949,3.201677751961357,4.409261710260216,2.218844775442131,7.635747369410258,5.781555038006962,104.3551565638897,12.377225288452413,8.752181037433656,-10.283524827198292,-1.3585674543332729,-0.6109702569400299,-6.361522485629954,-1.5567864909689033,-1.2294340762845601,-1.2418550557924286,Benar
34.613544704113956,7.953252063786213,48.81782020824216,1.7173360281179904,2.648146305715444,1.2489158446720818,5.630801086955943,4.561376721371394,-0.42817533123423,0.0999348804884673,-0.07394812669424224,0.16435446050200142,17.39343520155248,12.584327263935538,10.50314203865957,2.609910376048025,4.202432931195851,2.8901024505560553,6.156738671726641,1.754126152187434,-109.73458802139224,18.625668740246507,-27.52112959966421,7.361969475411368,-0.2727476072479821,1.7235064561958688,-7.43240120329526,-1.2165189202578597,-1.7346987132472185,-0.9524460422706427,Benar
61.186220330671986,22.050861350818057,57.758203880012,2.826709676621286,3.545647788240612,2.3316991870610595,5.247582345872443,2.976830182196355,-1.2298845031188632,0.23206748394942256,-0.12260658953091556,0.2036927625974881,18.785007585014398,9.30957211282142,10.278980624130945,3.1013455327179704,3.188282972951717,4.073544497337548,11.671418414402511,7.385055427315195,-47.13220907912542,11.940948007732867,-28.857506022581415,11.188638688841802,-2.580725610034821,-1.708916910828704,-8.818164104478717,-1.4422781023113727,-2.0026483365271863,-1.3262228123300106,Benar
17.609707689232287,27.51165654659927,25.50783116101492,2.6849121068671855,0.5904023342912114,1.686161213702411,4.173832751986245,6.086975289082547,-0.7555561972285841,0.24619240362351524,-0.2150272511359059,-0.14302872999136207,10.591414174535226,10.60902692233238,10.30147481316614,2.9875338447832367,1.1875562765522572,4.402788774145515,4.227383472687865,4.519531728406129,-34.175450563637156,10.98531727686526,-2.9855099051551655,-11.803583508876713,-0.02397434975642541,0.839419071951709,-5.793449543065666,-1.4203808421575788,-0.9755366022058416,-1.4238091002688702,Benar
29.698064691529492,7.2889861001222105,37.29136098842354,1.5177342154087587,1.7984992609172872,1.447489355776608,5.990435227666551,3.879711391028185,-0.16530749192465308,0.09320213716346055,-0.09720092214504351,0.15409636182355538,15.416621522966876,8.493368769676662,6.703013110389223,2.5943117058669616,3.3841699184928116,2.8978134259777972,4.947190801449467,1.872082436789187,-238.04566115301918,16.95868237209089,-17.280257625396136,10.02039563166277,0.536521959446751,1.1693072565727811,-6.251691913502686,-1.15254257786859,-1.4587312332433855,-1.0519102495574262,Benar
28.10767170272146,7.72121819327147,38.655010143615485,1.52876097201031,1.4613818638997167,1.3137207639635402,4.895974637501032,4.930972163013548,0.062497120531756684,0.23734795037366815,0.10162183579741266,0.0357826483726991,10.910725561117134,11.787634214243363,7.192284488735093,3.5894031276072735,4.403441942013794,4.202277941253854,5.731488015729139,1.564498585659479,730.0065552108848,6.47657210842716,18.65211232083346,33.95572426564154,-0.36942432717194434,2.1604332011693157,-6.156579118378805,-0.9839477740239753,-1.1378773332339944,-1.094720931724693,Benar
25.80977700101589,7.065193145367211,36.862049325726424,2.223657467804589,0.5467980232492575,1.7032241472787428,4.8029453190676,5.556210808641336,-0.8167036965629755,0.13332283782399218,0.09275775830239884,-0.07584191275535224,15.479255191399135,9.61195208526171,6.995088378797073,2.589575361286156,1.7028484787063047,3.507035307830622,5.373446868641649,1.2759805495569232,-43.860654260241155,15.448120110818035,5.576074714789073,-19.201042940418628,-0.2777298364018874,2.896344278096602,-6.8964010276413275,-1.3592961707365314,-0.648587651184877,-1.4041724702648075,Benar
47.35994445685455,15.179845766266503,47.98446213805758,1.7989876041738917,3.7998258154045916,1.4894742413992088,4.917729023103107,4.100120710717936,0.07620653988477796,0.1958698876922358,-0.03661880243238448,0.054341386623566856,14.802839269098078,14.404206370936562,8.409372278870038,2.11706156775963,4.399916021634791,4.403828289887705,9.671582142179327,3.7071679108235815,662.8508507770902,9.444224093134125,-73.32894423095863,35.85468170495445,-1.9728553839304077,0.20956060945605912,-6.846088621093443,-1.1821504901174194,-2.0063205755824534,-1.1664987224763954,Benar
22.216981964138515,10.726309093830096,40.51252274721978,3.2207426116079616,1.555493079220842,2.259518430775677,4.450322140936702,5.936927432249772,0.9548456158688767,0.09433815942895174,-0.16690543440293576,-0.007943674016897662,11.615170135326606,11.912129343491923,11.996833429948166,3.3956803644460405,2.301665811644456,3.3699906159028017,4.972973348557738,1.7873006072124842,43.42156001576914,36.38751269995239,-9.024846998547531,-152.61761914015614,-0.2528428846950464,2.6657370234773805,-5.441131477598734,-1.6949398032086789,-1.3984496054215831,-1.5313868422334045,Benar
43.26773696329362,7.885659660115453,42.39771663356125,2.195610199803365,2.2401722334970575,1.8665111191585484,3.1297908081489356,5.497946858889474,-1.3700934287060202,0.17861143676728714,-0.18079525868526866,-0.018235133356631766,12.17737509731932,10.593806061153956,8.305411944419212,2.8044140152600874,3.719576153496684,3.6919752675795907,13.839606911051014,1.4405695412677282,-30.623232305497677,13.20082015085075,-13.449451372493954,-148.54291589211897,-3.451814265143717,2.6859915840938937,-7.890691691944726,-1.321323687224693,-1.6581923830097554,-1.3631229279486803,Benar
21.53048167357523,5.813500256712246,44.09911540202658,3.2711575211946773,0.7663236889407772,1.6586763881384237,3.7820151521319323,6.505484846106305,-1.8831042508835827,0.11509503572747608,-0.24966642153448518,-0.1325787005955674,12.879734009843354,9.388409222634161,10.39514211934293,2.7993193031111985,1.7930597468274785,3.521932195345758,5.6895515009259805,0.8903735356566483,-23.324846585951473,32.701661064071835,-3.2773789955877493,-12.299973538825936,-0.8612844032748029,4.093533650386882,-8.53612777849537,-1.72391135997507,-1.124357457816104,-1.4177360442383964,Benar
25.80143514300822,7.064053364262029,36.87633724681896,2.2281502143746335,0.5744231847522725,1.6809502277993869,4.800405725193375,5.545529465631713,-0.8423648325391866,0.139032737410804,0.09704517416200517,-0.0944741097672604,15.504318271444323,9.598764226075625,7.004990017178136,2.6059869418040016,1.7127415155686185,3.5049849532959274,5.387572300255369,1.2671086417397979,-43.87372795267443,15.451278846928087,5.5561372856114914,-19.21068436946041,-0.26137814976269147,2.880661468241968,-6.9081321931886706,-1.372437867838245,-0.6400674640897153,-1.3968681310241247,Benar
32.673046382244614,6.231465421351675,50.05356070337849,3.144593922988971,3.4927655985442163,1.9319572797674662,5.981309981399851,3.693947520490764,0.9058954721978443,0.3411506620092199,0.010876228369988738,0.2603780487389274,13.90348512441967,10.205077380248078,12.789286980419849,3.908112595712517,4.387529117658957,4.392276367081589,5.464766027722445,1.690547809785815,55.170406977267554,9.574472704898806,4.032750760834201e+16,7.561452127339158,0.2626707809801191,1.1884660370742888,-6.162337997205485,-1.4490709153026804,-1.8583860909471026,-1.1321941782495597,Benar
42.880357442007245,10.183203107323918,37.79854024107094,3.959985371315941,2.781859607723305,2.946079983266858,5.795126576794557,3.029996567074947,-0.6441398731875935,0.1426392366571097,0.006926757137553568,0.16509804550216486,13.9877744434986,9.707735728162248,6.602464840709928,4.17690586669301,4.092889929143592,4.399002257748684,7.374780965670605,3.3661993788387243,-59.053130433198305,24.708036845438663,347.4875844535944,18.28911368553151,-0.7484061619020822,-0.19491274384377272,-6.815995621937153,-1.8443339199152124,-1.6564734336249658,-1.540121296131181,Benar
29.70399725448459,7.298209772095913,37.29825798352576,1.52244051804613,1.795468496138924,1.4456886125398598,6.0049102310999,3.876692684655445,-0.14205404576143144,0.09213303495664926,-0.11565524248538946,0.14816975856192285,15.40585405268153,8.495496357469902,6.68740120577672,2.5995622568024945,3.404002573440022,2.894160297395333,4.958408493426963,1.8916681189306195,-238.0663130708343,16.95981076971197,-17.298162096911224,10.036749667626811,0.5353228722908294,1.173034644979891,-6.259501930970442,-1.1521599997657124,-1.4433790154315174,-1.0524661861141307,Benar
28.099977765512115,7.700973216657956,38.650705955569954,1.5704327268681029,1.4756243262151647,1.2807205363133443,4.907522109375208,4.929216163054088,0.0582595589706821,0.24503917266361117,0.09458981252175383,0.03725760887277115,10.911661020257739,11.808562040250091,7.199821446449538,3.5876679477938844,4.385074946834582,4.201598640885428,5.721083677062258,1.5556247185526997,729.9995717261043,6.4537981685440995,18.664806470533275,33.95268598302134,-0.3796317094919784,2.124138231240212,-6.184210926724994,-1.014123422875367,-1.1244306211644222,-1.101669496687293,Benar
10.91695512084124,4.932215161611114,30.299851019963768,1.4176327719818684,0.37828154774541217,0.8451580396308679,4.587465992190149,5.960488995248698,1.9628931996495342,0.01858032661577705,-0.06929250293712548,-0.04388650514094519,10.188884323210878,9.897938189067059,8.102569652023687,2.297438601910539,1.5074110463476034,3.6045294776567496,2.37891888636806,0.8346951776040143,15.476257302015936,58.26095339757641,-5.603760977034356,-15.75570298383016,1.2638498226958992,3.730818254874399,-3.540109221366063,-1.167442609291937,-0.6846498120522376,-0.9804282426253881,Benar
40.67629569294529,28.468395236642888,67.68276310391138,3.537853805538748,3.644050385962446,2.6466124869127436,1.8766831439678557,3.2000410110721047,-1.7946244864878322,0.5699838655300079,-0.24900581255263615,-0.24342458626365968,13.99429880103072,10.411928024248706,8.791634230256896,3.3084968318344568,4.409926564941059,4.406994712036674,21.812989988317778,8.8994330140431,-37.59217123761393,6.1221785212250115,-14.48725048001382,-11.05617304706684,-4.499652738345707,-2.142176114702285,-10.015630294531837,-1.3131887822591344,-2.178385212230271,-1.8821948958016579,Benar
41.46803037738783,7.998813809307513,41.28096164718895,2.158160621229893,4.000539203238655,1.3347924333765235,5.50509431007392,3.1742227826537723,-0.9259104744604258,0.2513732107720178,-0.13050784871476956,0.20992156445833893,15.088999349251651,9.000172005394795,12.994915848673909,3.3163805643308892,4.3814362600956995,3.584013079929226,7.502988841279183,2.550455078729404,-44.911020383598405,8.303151133523695,-31.8237544309578,6.127530509646272,-0.919817534102748,0.3328946464758887,-7.3427315648076,-1.2050642334638753,-2.132746098656657,-0.9305092424138841,Benar
14.073989633107058,9.902910446175028,37.84811991020304,2.1604339191446877,1.9552796878421497,1.6020074561412878,7.0263398561835695,3.608300049601231,1.8301650363007604,0.12446815712726712,0.00544873367171505,0.1244725020720071,13.706498521245116,9.085750030404396,8.805871192312075,3.4821913629926944,3.403358229489211,4.401599713542797,2.005122960878604,2.753158033612133,20.798115328747727,18.989524528003262,-587.0733374029309,14.452318914220648,3.2717522682995246,0.43731566174465825,-4.341201980054405,-1.370738083428287,-1.3910367563013846,-1.1142996117899024,Benar
17.59087480870774,27.517572923700587,25.493458549218516,2.7008646198151687,0.5956708259368683,1.6958410932659598,4.174474517964004,6.075927773927321,-0.7412209206052095,0.2613646555553754,-0.20592078991220236,-0.13620195283232484,10.582976733120228,10.612981387206366,10.284123985428263,2.9926338156778036,1.2065620913141435,4.397033419341088,4.235255546522443,4.524540916137542,-34.15756430927514,10.971878277189617,-2.995150883718693,-11.82745538633157,-0.03729714920358743,0.8140944864281924,-5.7951477697825355,-1.3706589766241979,-0.9537347231625517,-1.4491523391578403,Benar
34.438049084405,25.738144293167707,46.00667266338982,3.249253415853145,2.1449989028205625,1.2546405831941727,4.50956119237396,4.445454650931759,0.4376370042014409,0.2748404080071362,0.25273947107490746,-0.1307332296759066,19.601451088304433,10.793195014870268,11.109915841378074,3.2070029511208147,4.3719335827015655,2.2043815160317233,7.617367319334303,5.775669490285122,104.34588063889912,12.368410216445504,8.734835801778651,-10.280539781249836,-1.3381751840442404,-0.6315741012502958,-6.351973243000571,-1.5418834967876314,-1.227831861769262,-1.2474325600436649,Benar
35.297942579189446,16.35894227886536,35.987779942139284,2.272544506972282,2.8064701241041745,1.317464927784585,6.44992049558392,2.6228171414379773,0.34416365510780816,0.16708655310069864,-0.0600292126864528,0.16351518736952153,15.609179898931792,8.622306467355054,8.899383186678124,3.907013681104264,4.116123608190791,4.400331057308763,5.4724037281516615,6.203583719373909,104.46871497776561,14.359172111100197,-48.385916482705575,7.046626226373845,0.5215049536398865,-1.3955498184345683,-5.667176673197019,-1.3349283951104132,-1.7265362291500956,-0.9403084100177471,Benar
38.43026358374151,17.733313959252154,42.909811067377944,2.5042110800899664,3.0996144151988503,1.9846824822398557,6.575878925251741,2.4994925020039966,0.2320104065719858,0.10023116807730821,-0.33351063266524844,0.1928767017310094,19.296722027122364,8.697239264581906,9.105532565666726,3.610545904904774,3.7971695823795413,4.403761464945898,5.84172536131421,7.076552260849952,188.50868526706,22.648782130515272,-9.469167090644953,9.688055328183463,0.37262165370514416,-1.7134847944292846,-6.327504400226049,-1.48243314856516,-2.0948942174367677,-1.2099647016993196,Benar
17.596895894715693,27.51863853955657,25.497636690878988,2.6914957261815187,0.5873156455521574,1.6882136301414292,4.174031683768938,6.082782595995473,-0.7620213768493592,0.23003552399035032,-0.20702602267553172,-0.14014307106656781,10.616511673527791,10.593037020414508,10.306444159367915,3.004874630859132,1.218844471749795,4.418540535605975,4.223048954484555,4.525662411781639,-34.19209283832804,10.98611230969794,-3.0096640180554886,-11.797652361570888,-0.03621569094766828,0.8208298992698605,-5.789705154427893,-1.3896959099011976,-0.969216605155839,-1.4362225330317704,Benar
42.774769481850285,7.715353237958753,45.96241226447696,-0.0004001790256951382,0.0012434130097171705,0.016009970567459116,5.409051114765998,3.566200203875698,-0.23284295754702775,-0.0031353692898644986,0.0100166051154467,-0.01978278483237427,15.099428731694571,8.595433955897864,7.591468636121602,3.9129154423495343,2.998024670566414,4.212942869120934,7.9174305844884065,2.143689859256165,-208.21372584422215,,,,-1.1433557004827581,0.7834375662862806,-7.00623709212502,0.004158599638684096,0.01767786019650466,0.004742742534289294,Benar
